player_id,player_name,team,role
1,Player_1,RCB,Batsman
2,Player_2,PBKS,Wicket-Keeper
3,Player_3,SRH,Batsman
4,Player_4,RCB,Batsman
5,Player_5,GT,Wicket-Keeper
6,Player_6,CSK,All-Rounder
7,Player_7,SRH,Wicket-Keeper
8,Player_8,RR,Batsman
9,Player_9,SRH,Wicket-Keeper
10,Player_10,DC,Wicket-Keeper
11,Player_11,KKR,Wicket-Keeper
12,Player_12,RR,
13,Player_13,PBKS,Batsman
14,Player_14,MI,All-Rounder
15,Player_15,DC,Batsman
16,Player_16,CSK,Wicket-Keeper
17,Player_17,LSG,Bowler
18,Player_18,MI,Batsman
19,Player_19,LSG,Bowler
20,Player_20,DC,Batsman
21,Player_21,SRH,Bowler
22,Player_22,MI,Wicket-Keeper
23,Player_23,LSG,Bowler
24,Player_24,GT,All-Rounder
25,Player_25,CSK,Wicket-Keeper
26,Player_26,GT,Bowler
27,Player_27,KKR,Batsman
28,Player_28,KKR,All-Rounder
29,Player_29,CSK,Bowler
30,Player_30,KKR,
31,Player_31,KKR,
32,Player_32,SRH,Bowler
33,Player_33,PBKS,
34,Player_34,RCB,Wicket-Keeper
35,Player_35,LSG,
36,Player_36,CSK,Wicket-Keeper
37,Player_37,LSG,Bowler
38,Player_38,GT,All-Rounder
39,Player_39,KKR,Wicket-Keeper
40,Player_40,DC,Bowler
41,Player_41,RCB,Batsman
42,Player_42,LSG,Wicket-Keeper
43,Player_43,MI,Bowler
44,Player_44,RR,Bowler
45,Player_45,LSG,All-Rounder
46,Player_46,LSG,Batsman
47,Player_47,SRH,Wicket-Keeper
48,Player_48,RCB,Bowler
49,Player_49,DC,Batsman
50,Player_50,RCB,Batsman
51,Player_51,MI,
52,Player_52,RR,All-Rounder
53,Player_53,DC,Batsman
54,Player_54,KKR,Batsman
55,Player_55,LSG,Batsman
56,Player_56,KKR,All-Rounder
57,Player_57,MI,Batsman
58,Player_58,MI,
59,Player_59,RR,Wicket-Keeper
60,Player_60,SRH,
61,Player_61,KKR,
62,Player_62,GT,
63,Player_63,SRH,All-Rounder
64,Player_64,LSG,Bowler
65,Player_65,LSG,
66,Player_66,RCB,Bowler
67,Player_67,SRH,Batsman
68,Player_68,RR,Bowler
69,Player_69,SRH,All-Rounder
70,Player_70,PBKS,All-Rounder
71,Player_71,GT,All-Rounder
72,Player_72,RCB,Bowler
73,Player_73,KKR,All-Rounder
74,Player_74,PBKS,All-Rounder
75,Player_75,KKR,All-Rounder
76,Player_76,LSG,Bowler
77,Player_77,KKR,All-Rounder
78,Player_78,RR,All-Rounder
79,Player_79,MI,Batsman
80,Player_80,CSK,Batsman
81,Player_81,CSK,All-Rounder
82,Player_82,RCB,
83,Player_83,CSK,Wicket-Keeper
84,Player_84,MI,Bowler
85,Player_85,PBKS,All-Rounder
86,Player_86,DC,Wicket-Keeper
87,Player_87,GT,Batsman
88,Player_88,PBKS,Batsman
89,Player_89,RCB,All-Rounder
90,Player_90,RR,Batsman
91,Player_91,DC,Batsman
92,Player_92,RCB,
93,Player_93,RR,Bowler
94,Player_94,PBKS,Wicket-Keeper
95,Player_95,CSK,Batsman
96,Player_96,LSG,Wicket-Keeper
97,Player_97,LSG,Wicket-Keeper
98,Player_98,SRH,Batsman
99,Player_99,MI,
100,Player_100,MI,Bowler
101,Player_101,CSK,
102,Player_102,PBKS,All-Rounder
103,Player_103,SRH,All-Rounder
104,Player_104,RCB,Batsman
105,Player_105,MI,
106,Player_106,LSG,
107,Player_107,LSG,Batsman
108,Player_108,CSK,Batsman
109,Player_109,MI,Bowler
110,Player_110,KKR,
111,Player_111,CSK,Wicket-Keeper
112,Player_112,LSG,All-Rounder
113,Player_113,LSG,Wicket-Keeper
114,Player_114,RR,Bowler
115,Player_115,LSG,
116,Player_116,SRH,Bowler
117,Player_117,DC,
118,Player_118,RCB,Batsman
119,Player_119,LSG,All-Rounder
120,Player_120,GT,Bowler
121,Player_121,SRH,All-Rounder
122,Player_122,SRH,Wicket-Keeper
123,Player_123,PBKS,
124,Player_124,DC,Batsman
125,Player_125,RR,All-Rounder
126,Player_126,RR,Wicket-Keeper
127,Player_127,SRH,Bowler
128,Player_128,RCB,Batsman
129,Player_129,MI,Bowler
130,Player_130,PBKS,Bowler
131,Player_131,SRH,
132,Player_132,RCB,
133,Player_133,RR,
134,Player_134,RCB,All-Rounder
135,Player_135,KKR,Wicket-Keeper
136,Player_136,MI,Bowler
137,Player_137,KKR,Wicket-Keeper
138,Player_138,CSK,Bowler
139,Player_139,PBKS,Batsman
140,Player_140,PBKS,Batsman
141,Player_141,PBKS,
142,Player_142,PBKS,All-Rounder
143,Player_143,LSG,Wicket-Keeper
144,Player_144,RCB,Bowler
145,Player_145,DC,Wicket-Keeper
146,Player_146,KKR,
147,Player_147,GT,Wicket-Keeper
148,Player_148,SRH,Bowler
149,Player_149,DC,
150,Player_150,LSG,
151,Player_151,GT,Wicket-Keeper
152,Player_152,LSG,All-Rounder
153,Player_153,PBKS,Batsman
154,Player_154,GT,
155,Player_155,CSK,Bowler
156,Player_156,PBKS,Batsman
157,Player_157,DC,All-Rounder
158,Player_158,DC,Bowler
159,Player_159,RCB,All-Rounder
160,Player_160,LSG,Bowler
161,Player_161,RR,Bowler
162,Player_162,KKR,Bowler
163,Player_163,KKR,Wicket-Keeper
164,Player_164,PBKS,
165,Player_165,RR,
166,Player_166,LSG,All-Rounder
167,Player_167,PBKS,Bowler
168,Player_168,MI,Batsman
169,Player_169,DC,Bowler
170,Player_170,GT,
171,Player_171,CSK,Wicket-Keeper
172,Player_172,SRH,All-Rounder
173,Player_173,RCB,All-Rounder
174,Player_174,RCB,Bowler
175,Player_175,MI,Bowler
176,Player_176,LSG,Bowler
177,Player_177,RCB,Bowler
178,Player_178,DC,All-Rounder
179,Player_179,DC,Batsman
180,Player_180,LSG,Wicket-Keeper
181,Player_181,KKR,Batsman
182,Player_182,PBKS,Batsman
183,Player_183,RR,
184,Player_184,RCB,
185,Player_185,PBKS,Wicket-Keeper
186,Player_186,RR,Wicket-Keeper
187,Player_187,PBKS,
188,Player_188,RR,
189,Player_189,LSG,Bowler
190,Player_190,KKR,All-Rounder
191,Player_191,CSK,Bowler
192,Player_192,RR,Batsman
193,Player_193,LSG,All-Rounder
194,Player_194,DC,Bowler
195,Player_195,RR,Batsman
196,Player_196,SRH,Wicket-Keeper
197,Player_197,PBKS,Bowler
198,Player_198,RR,All-Rounder
199,Player_199,KKR,Batsman
200,Player_200,LSG,Batsman
201,Player_201,SRH,All-Rounder
202,Player_202,GT,
203,Player_203,SRH,All-Rounder
204,Player_204,GT,Batsman
205,Player_205,PBKS,Batsman
206,Player_206,KKR,
207,Player_207,RR,Wicket-Keeper
208,Player_208,MI,Wicket-Keeper
209,Player_209,SRH,Batsman
210,Player_210,CSK,All-Rounder
211,Player_211,CSK,
212,Player_212,KKR,Batsman
213,Player_213,MI,All-Rounder
214,Player_214,MI,Bowler
215,Player_215,LSG,All-Rounder
216,Player_216,PBKS,All-Rounder
217,Player_217,DC,All-Rounder
218,Player_218,MI,
219,Player_219,PBKS,All-Rounder
220,Player_220,DC,Wicket-Keeper
221,Player_221,CSK,Wicket-Keeper
222,Player_222,SRH,Wicket-Keeper
223,Player_223,GT,Wicket-Keeper
224,Player_224,RCB,
225,Player_225,SRH,All-Rounder
226,Player_226,RCB,Wicket-Keeper
227,Player_227,RCB,Batsman
228,Player_228,KKR,All-Rounder
229,Player_229,PBKS,
230,Player_230,RR,Bowler
231,Player_231,DC,
232,Player_232,LSG,
233,Player_233,KKR,
234,Player_234,RR,Bowler
235,Player_235,DC,Wicket-Keeper
236,Player_236,SRH,All-Rounder
237,Player_237,CSK,Wicket-Keeper
238,Player_238,RCB,Wicket-Keeper
239,Player_239,RCB,All-Rounder
240,Player_240,LSG,Wicket-Keeper
241,Player_241,PBKS,All-Rounder
242,Player_242,GT,All-Rounder
243,Player_243,RR,Wicket-Keeper
244,Player_244,LSG,All-Rounder
245,Player_245,LSG,Wicket-Keeper
246,Player_246,PBKS,All-Rounder
247,Player_247,RR,
248,Player_248,CSK,
249,Player_249,SRH,All-Rounder
250,Player_250,RR,Batsman
251,Player_251,PBKS,Wicket-Keeper
252,Player_252,RCB,Wicket-Keeper
253,Player_253,KKR,All-Rounder
254,Player_254,RR,
255,Player_255,GT,Wicket-Keeper
256,Player_256,GT,Bowler
257,Player_257,CSK,Batsman
258,Player_258,MI,Batsman
259,Player_259,RCB,
260,Player_260,GT,Batsman
261,Player_261,LSG,All-Rounder
262,Player_262,PBKS,Batsman
263,Player_263,PBKS,
264,Player_264,DC,
265,Player_265,PBKS,Batsman
266,Player_266,SRH,All-Rounder
267,Player_267,RR,
268,Player_268,DC,All-Rounder
269,Player_269,RCB,Batsman
270,Player_270,MI,Wicket-Keeper
271,Player_271,KKR,
272,Player_272,PBKS,All-Rounder
273,Player_273,LSG,Batsman
274,Player_274,LSG,
275,Player_275,DC,
276,Player_276,SRH,
277,Player_277,GT,Wicket-Keeper
278,Player_278,RR,
279,Player_279,GT,Bowler
280,Player_280,KKR,Wicket-Keeper
281,Player_281,PBKS,Batsman
282,Player_282,PBKS,
283,Player_283,CSK,Wicket-Keeper
284,Player_284,MI,Wicket-Keeper
285,Player_285,PBKS,
286,Player_286,CSK,Batsman
287,Player_287,GT,All-Rounder
288,Player_288,RCB,Bowler
289,Player_289,SRH,
290,Player_290,SRH,
291,Player_291,CSK,
292,Player_292,SRH,
293,Player_293,CSK,
294,Player_294,RCB,Bowler
295,Player_295,PBKS,Bowler
296,Player_296,DC,
297,Player_297,GT,
298,Player_298,MI,All-Rounder
299,Player_299,KKR,
300,Player_300,RCB,Wicket-Keeper
301,Player_301,DC,
302,Player_302,RR,Bowler
303,Player_303,LSG,Batsman
304,Player_304,KKR,
305,Player_305,RR,Batsman
306,Player_306,DC,
307,Player_307,RCB,Batsman
308,Player_308,GT,
309,Player_309,GT,Bowler
310,Player_310,KKR,
311,Player_311,KKR,Bowler
312,Player_312,CSK,Wicket-Keeper
313,Player_313,RR,All-Rounder
314,Player_314,PBKS,Wicket-Keeper
315,Player_315,SRH,Wicket-Keeper
316,Player_316,DC,Wicket-Keeper
317,Player_317,CSK,
318,Player_318,LSG,Wicket-Keeper
319,Player_319,LSG,Wicket-Keeper
320,Player_320,DC,
321,Player_321,GT,
322,Player_322,KKR,Batsman
323,Player_323,RR,Batsman
324,Player_324,PBKS,Wicket-Keeper
325,Player_325,DC,
326,Player_326,LSG,Wicket-Keeper
327,Player_327,RR,
328,Player_328,GT,Wicket-Keeper
329,Player_329,GT,Wicket-Keeper
330,Player_330,MI,All-Rounder
331,Player_331,MI,
332,Player_332,SRH,All-Rounder
333,Player_333,RR,Bowler
334,Player_334,RR,Batsman
335,Player_335,KKR,Wicket-Keeper
336,Player_336,LSG,Bowler
337,Player_337,RCB,All-Rounder
338,Player_338,GT,Wicket-Keeper
339,Player_339,CSK,Batsman
340,Player_340,DC,Bowler
341,Player_341,GT,Batsman
342,Player_342,RR,All-Rounder
343,Player_343,RCB,Wicket-Keeper
344,Player_344,RCB,Wicket-Keeper
345,Player_345,PBKS,
346,Player_346,RR,Batsman
347,Player_347,GT,Batsman
348,Player_348,SRH,Batsman
349,Player_349,RCB,Bowler
350,Player_350,RR,Bowler
351,Player_351,DC,Bowler
352,Player_352,PBKS,Wicket-Keeper
353,Player_353,GT,All-Rounder
354,Player_354,GT,Batsman
355,Player_355,LSG,Wicket-Keeper
356,Player_356,GT,
357,Player_357,RR,Batsman
358,Player_358,MI,Bowler
359,Player_359,RCB,Wicket-Keeper
360,Player_360,LSG,All-Rounder
361,Player_361,RR,
362,Player_362,CSK,Wicket-Keeper
363,Player_363,GT,All-Rounder
364,Player_364,RCB,Bowler
365,Player_365,KKR,Wicket-Keeper
366,Player_366,MI,
367,Player_367,GT,Wicket-Keeper
368,Player_368,LSG,All-Rounder
369,Player_369,SRH,Bowler
370,Player_370,SRH,
371,Player_371,CSK,
372,Player_372,RCB,All-Rounder
373,Player_373,RCB,All-Rounder
374,Player_374,LSG,All-Rounder
375,Player_375,LSG,All-Rounder
376,Player_376,PBKS,
377,Player_377,RR,Wicket-Keeper
378,Player_378,GT,Batsman
379,Player_379,CSK,Bowler
380,Player_380,PBKS,
381,Player_381,DC,Batsman
382,Player_382,LSG,Wicket-Keeper
383,Player_383,RR,All-Rounder
384,Player_384,RCB,Bowler
385,Player_385,MI,Bowler
386,Player_386,GT,
387,Player_387,KKR,Wicket-Keeper
388,Player_388,DC,Bowler
389,Player_389,LSG,
390,Player_390,MI,All-Rounder
391,Player_391,RCB,All-Rounder
392,Player_392,RR,Wicket-Keeper
393,Player_393,RCB,Bowler
394,Player_394,RCB,
395,Player_395,DC,Bowler
396,Player_396,RCB,Wicket-Keeper
397,Player_397,LSG,Bowler
398,Player_398,KKR,Bowler
399,Player_399,RCB,Bowler
400,Player_400,RCB,Wicket-Keeper
401,Player_401,CSK,Wicket-Keeper
402,Player_402,RCB,
403,Player_403,DC,Wicket-Keeper
404,Player_404,CSK,Bowler
405,Player_405,RCB,Wicket-Keeper
406,Player_406,SRH,
407,Player_407,DC,Bowler
408,Player_408,CSK,Wicket-Keeper
409,Player_409,LSG,Batsman
410,Player_410,MI,All-Rounder
411,Player_411,LSG,Batsman
412,Player_412,LSG,All-Rounder
413,Player_413,DC,Wicket-Keeper
414,Player_414,PBKS,Wicket-Keeper
415,Player_415,RCB,Batsman
416,Player_416,GT,Bowler
417,Player_417,SRH,Batsman
418,Player_418,CSK,Wicket-Keeper
419,Player_419,RR,
420,Player_420,SRH,All-Rounder
421,Player_421,PBKS,
422,Player_422,MI,Wicket-Keeper
423,Player_423,MI,Bowler
424,Player_424,RR,All-Rounder
425,Player_425,LSG,All-Rounder
426,Player_426,PBKS,Batsman
427,Player_427,RR,Batsman
428,Player_428,KKR,Batsman
429,Player_429,PBKS,
430,Player_430,MI,Wicket-Keeper
431,Player_431,CSK,Wicket-Keeper
432,Player_432,RCB,Batsman
433,Player_433,CSK,Wicket-Keeper
434,Player_434,PBKS,Bowler
435,Player_435,PBKS,Bowler
436,Player_436,PBKS,Wicket-Keeper
437,Player_437,PBKS,Batsman
438,Player_438,DC,Wicket-Keeper
439,Player_439,MI,Batsman
440,Player_440,PBKS,
441,Player_441,RR,Wicket-Keeper
442,Player_442,RCB,Bowler
443,Player_443,RCB,Wicket-Keeper
444,Player_444,GT,Wicket-Keeper
445,Player_445,KKR,All-Rounder
446,Player_446,RR,All-Rounder
447,Player_447,GT,All-Rounder
448,Player_448,MI,Wicket-Keeper
449,Player_449,RR,Batsman
450,Player_450,SRH,Bowler
451,Player_451,RCB,Wicket-Keeper
452,Player_452,SRH,Batsman
453,Player_453,SRH,
454,Player_454,GT,Wicket-Keeper
455,Player_455,LSG,All-Rounder
456,Player_456,SRH,
457,Player_457,CSK,
458,Player_458,RR,Batsman
459,Player_459,CSK,
460,Player_460,DC,All-Rounder
461,Player_461,SRH,Wicket-Keeper
462,Player_462,DC,
463,Player_463,LSG,
464,Player_464,GT,Wicket-Keeper
465,Player_465,LSG,Wicket-Keeper
466,Player_466,KKR,Bowler
467,Player_467,RR,
468,Player_468,RCB,
469,Player_469,LSG,All-Rounder
470,Player_470,RR,All-Rounder
471,Player_471,LSG,
472,Player_472,CSK,Bowler
473,Player_473,KKR,Wicket-Keeper
474,Player_474,PBKS,Bowler
475,Player_475,KKR,Bowler
476,Player_476,CSK,Bowler
477,Player_477,RCB,Wicket-Keeper
478,Player_478,PBKS,Wicket-Keeper
479,Player_479,DC,Bowler
480,Player_480,SRH,Wicket-Keeper
481,Player_481,SRH,
482,Player_482,GT,Bowler
483,Player_483,DC,All-Rounder
484,Player_484,CSK,Batsman
485,Player_485,KKR,
486,Player_486,KKR,All-Rounder
487,Player_487,DC,
488,Player_488,PBKS,Bowler
489,Player_489,SRH,Batsman
490,Player_490,RR,All-Rounder
491,Player_491,PBKS,All-Rounder
492,Player_492,SRH,Bowler
493,Player_493,DC,
494,Player_494,RR,
495,Player_495,CSK,Batsman
496,Player_496,KKR,
497,Player_497,MI,Wicket-Keeper
498,Player_498,GT,Bowler
499,Player_499,KKR,Bowler
500,Player_500,RR,All-Rounder
501,Player_501,LSG,Bowler
502,Player_502,GT,
503,Player_503,LSG,
504,Player_504,CSK,
505,Player_505,DC,Batsman
506,Player_506,GT,Wicket-Keeper
507,Player_507,PBKS,
508,Player_508,RCB,Wicket-Keeper
509,Player_509,GT,All-Rounder
510,Player_510,LSG,Bowler
511,Player_511,PBKS,Wicket-Keeper
512,Player_512,RR,All-Rounder
513,Player_513,DC,Bowler
514,Player_514,RCB,
515,Player_515,MI,
516,Player_516,DC,All-Rounder
517,Player_517,LSG,All-Rounder
518,Player_518,LSG,
519,Player_519,CSK,
520,Player_520,LSG,Batsman
521,Player_521,CSK,Batsman
522,Player_522,LSG,Wicket-Keeper
523,Player_523,GT,Wicket-Keeper
524,Player_524,PBKS,Wicket-Keeper
525,Player_525,MI,All-Rounder
526,Player_526,PBKS,Wicket-Keeper
527,Player_527,DC,Wicket-Keeper
528,Player_528,GT,Batsman
529,Player_529,PBKS,Batsman
530,Player_530,DC,
531,Player_531,DC,Wicket-Keeper
532,Player_532,GT,Bowler
533,Player_533,KKR,Wicket-Keeper
534,Player_534,MI,All-Rounder
535,Player_535,PBKS,Wicket-Keeper
536,Player_536,GT,Bowler
537,Player_537,MI,Bowler
538,Player_538,DC,Bowler
539,Player_539,PBKS,Batsman
540,Player_540,GT,
541,Player_541,CSK,
542,Player_542,RCB,Wicket-Keeper
543,Player_543,GT,All-Rounder
544,Player_544,RR,Batsman
545,Player_545,GT,All-Rounder
546,Player_546,CSK,Bowler
547,Player_547,DC,Batsman
548,Player_548,DC,Wicket-Keeper
549,Player_549,KKR,Bowler
550,Player_550,SRH,Bowler
551,Player_551,KKR,
552,Player_552,PBKS,Batsman
553,Player_553,MI,Wicket-Keeper
554,Player_554,KKR,Wicket-Keeper
555,Player_555,GT,All-Rounder
556,Player_556,SRH,
557,Player_557,DC,All-Rounder
558,Player_558,SRH,
559,Player_559,LSG,Wicket-Keeper
560,Player_560,CSK,
561,Player_561,DC,Bowler
562,Player_562,DC,
563,Player_563,KKR,Bowler
564,Player_564,LSG,
565,Player_565,MI,Bowler
566,Player_566,DC,Wicket-Keeper
567,Player_567,GT,All-Rounder
568,Player_568,LSG,
569,Player_569,GT,Batsman
570,Player_570,CSK,
571,Player_571,GT,All-Rounder
572,Player_572,DC,Batsman
573,Player_573,KKR,
574,Player_574,CSK,
575,Player_575,KKR,Batsman
576,Player_576,GT,Wicket-Keeper
577,Player_577,KKR,Wicket-Keeper
578,Player_578,SRH,
579,Player_579,DC,Wicket-Keeper
580,Player_580,GT,Batsman
581,Player_581,PBKS,Bowler
582,Player_582,RCB,Wicket-Keeper
583,Player_583,MI,
584,Player_584,CSK,All-Rounder
585,Player_585,CSK,
586,Player_586,RCB,
587,Player_587,KKR,Wicket-Keeper
588,Player_588,RR,
589,Player_589,CSK,
590,Player_590,KKR,Bowler
591,Player_591,RR,Bowler
592,Player_592,CSK,Batsman
593,Player_593,MI,Batsman
594,Player_594,CSK,Batsman
595,Player_595,KKR,Batsman
596,Player_596,RR,Batsman
597,Player_597,SRH,Batsman
598,Player_598,GT,All-Rounder
599,Player_599,CSK,Batsman
600,Player_600,SRH,All-Rounder
601,Player_601,SRH,Batsman
602,Player_602,RCB,Bowler
603,Player_603,RCB,All-Rounder
604,Player_604,RCB,Wicket-Keeper
605,Player_605,DC,Wicket-Keeper
606,Player_606,KKR,All-Rounder
607,Player_607,LSG,All-Rounder
608,Player_608,GT,Bowler
609,Player_609,KKR,
610,Player_610,DC,Bowler
611,Player_611,KKR,Bowler
612,Player_612,LSG,All-Rounder
613,Player_613,GT,
614,Player_614,KKR,Bowler
615,Player_615,MI,Batsman
616,Player_616,SRH,
617,Player_617,LSG,Batsman
618,Player_618,PBKS,
619,Player_619,SRH,Bowler
620,Player_620,MI,Wicket-Keeper
621,Player_621,GT,All-Rounder
622,Player_622,SRH,Bowler
623,Player_623,RR,Wicket-Keeper
624,Player_624,KKR,Bowler
625,Player_625,MI,Bowler
626,Player_626,DC,All-Rounder
627,Player_627,MI,Batsman
628,Player_628,RR,Bowler
629,Player_629,SRH,All-Rounder
630,Player_630,DC,
631,Player_631,PBKS,Wicket-Keeper
632,Player_632,PBKS,Bowler
633,Player_633,SRH,
634,Player_634,GT,Bowler
635,Player_635,CSK,All-Rounder
636,Player_636,RR,All-Rounder
637,Player_637,SRH,All-Rounder
638,Player_638,PBKS,Bowler
639,Player_639,DC,Batsman
640,Player_640,GT,
641,Player_641,DC,
642,Player_642,MI,All-Rounder
643,Player_643,CSK,Bowler
644,Player_644,RR,Batsman
645,Player_645,SRH,
646,Player_646,RCB,
647,Player_647,PBKS,Wicket-Keeper
648,Player_648,MI,
649,Player_649,SRH,Bowler
650,Player_650,PBKS,
651,Player_651,GT,Wicket-Keeper
652,Player_652,GT,All-Rounder
653,Player_653,DC,Wicket-Keeper
654,Player_654,MI,Wicket-Keeper
655,Player_655,RCB,Bowler
656,Player_656,DC,Bowler
657,Player_657,PBKS,Batsman
658,Player_658,CSK,
659,Player_659,GT,
660,Player_660,DC,Bowler
661,Player_661,DC,All-Rounder
662,Player_662,CSK,All-Rounder
663,Player_663,PBKS,Wicket-Keeper
664,Player_664,RCB,All-Rounder
665,Player_665,PBKS,Wicket-Keeper
666,Player_666,MI,
667,Player_667,CSK,
668,Player_668,CSK,
669,Player_669,LSG,All-Rounder
670,Player_670,LSG,Wicket-Keeper
671,Player_671,CSK,Batsman
672,Player_672,KKR,
673,Player_673,DC,Wicket-Keeper
674,Player_674,LSG,Wicket-Keeper
675,Player_675,CSK,All-Rounder
676,Player_676,LSG,Bowler
677,Player_677,MI,Wicket-Keeper
678,Player_678,LSG,Bowler
679,Player_679,LSG,
680,Player_680,LSG,Bowler
681,Player_681,RR,All-Rounder
682,Player_682,PBKS,Batsman
683,Player_683,RR,
684,Player_684,MI,Bowler
685,Player_685,DC,Batsman
686,Player_686,LSG,Wicket-Keeper
687,Player_687,MI,Bowler
688,Player_688,KKR,Batsman
689,Player_689,KKR,
690,Player_690,LSG,
691,Player_691,GT,Batsman
692,Player_692,RR,Bowler
693,Player_693,GT,Bowler
694,Player_694,RCB,Batsman
695,Player_695,RCB,
696,Player_696,LSG,Batsman
697,Player_697,PBKS,Batsman
698,Player_698,RR,Wicket-Keeper
699,Player_699,DC,
700,Player_700,PBKS,Wicket-Keeper
701,Player_701,CSK,
702,Player_702,KKR,All-Rounder
703,Player_703,RR,Bowler
704,Player_704,RCB,
705,Player_705,RCB,Batsman
706,Player_706,GT,Batsman
707,Player_707,SRH,Bowler
708,Player_708,CSK,Bowler
709,Player_709,GT,All-Rounder
710,Player_710,RR,Batsman
711,Player_711,CSK,Batsman
712,Player_712,KKR,Wicket-Keeper
713,Player_713,KKR,Bowler
714,Player_714,GT,All-Rounder
715,Player_715,PBKS,Wicket-Keeper
716,Player_716,KKR,All-Rounder
717,Player_717,CSK,Bowler
718,Player_718,DC,Wicket-Keeper
719,Player_719,PBKS,All-Rounder
720,Player_720,CSK,
721,Player_721,MI,All-Rounder
722,Player_722,SRH,All-Rounder
723,Player_723,RCB,Wicket-Keeper
724,Player_724,SRH,
725,Player_725,LSG,Batsman
726,Player_726,CSK,
727,Player_727,RCB,All-Rounder
728,Player_728,SRH,All-Rounder
729,Player_729,RCB,
730,Player_730,LSG,All-Rounder
731,Player_731,KKR,Batsman
732,Player_732,PBKS,Wicket-Keeper
733,Player_733,SRH,All-Rounder
734,Player_734,RCB,All-Rounder
735,Player_735,SRH,Wicket-Keeper
736,Player_736,GT,Batsman
737,Player_737,LSG,All-Rounder
738,Player_738,RCB,Wicket-Keeper
739,Player_739,DC,All-Rounder
740,Player_740,LSG,All-Rounder
741,Player_741,PBKS,Wicket-Keeper
742,Player_742,RR,Wicket-Keeper
743,Player_743,MI,
744,Player_744,SRH,All-Rounder
745,Player_745,SRH,Wicket-Keeper
746,Player_746,RR,Bowler
747,Player_747,RR,
748,Player_748,GT,All-Rounder
749,Player_749,PBKS,Wicket-Keeper
750,Player_750,DC,Wicket-Keeper
751,Player_751,RCB,Bowler
752,Player_752,KKR,All-Rounder
753,Player_753,GT,Wicket-Keeper
754,Player_754,DC,
755,Player_755,RCB,Bowler
756,Player_756,PBKS,Batsman
757,Player_757,RCB,All-Rounder
758,Player_758,RR,
759,Player_759,LSG,Bowler
760,Player_760,LSG,
761,Player_761,DC,
762,Player_762,PBKS,Batsman
763,Player_763,KKR,Wicket-Keeper
764,Player_764,PBKS,Batsman
765,Player_765,KKR,
766,Player_766,KKR,
767,Player_767,GT,Bowler
768,Player_768,GT,Wicket-Keeper
769,Player_769,KKR,Wicket-Keeper
770,Player_770,PBKS,Bowler
771,Player_771,KKR,Bowler
772,Player_772,MI,Batsman
773,Player_773,RR,Batsman
774,Player_774,RR,
775,Player_775,SRH,All-Rounder
776,Player_776,KKR,Batsman
777,Player_777,KKR,Batsman
778,Player_778,RR,All-Rounder
779,Player_779,PBKS,
780,Player_780,LSG,Bowler
781,Player_781,SRH,Batsman
782,Player_782,DC,All-Rounder
783,Player_783,KKR,
784,Player_784,SRH,All-Rounder
785,Player_785,CSK,Batsman
786,Player_786,LSG,Wicket-Keeper
787,Player_787,PBKS,
788,Player_788,PBKS,Batsman
789,Player_789,PBKS,All-Rounder
790,Player_790,KKR,Bowler
791,Player_791,SRH,Bowler
792,Player_792,RR,Bowler
793,Player_793,RCB,All-Rounder
794,Player_794,SRH,Batsman
795,Player_795,SRH,All-Rounder
796,Player_796,DC,Bowler
797,Player_797,SRH,Batsman
798,Player_798,GT,
799,Player_799,RR,
800,Player_800,RR,Bowler
801,Player_801,SRH,All-Rounder
802,Player_802,KKR,
803,Player_803,GT,Batsman
804,Player_804,PBKS,All-Rounder
805,Player_805,LSG,All-Rounder
806,Player_806,KKR,Batsman
807,Player_807,GT,
808,Player_808,SRH,All-Rounder
809,Player_809,LSG,Batsman
810,Player_810,LSG,Wicket-Keeper
811,Player_811,RR,Bowler
812,Player_812,GT,Wicket-Keeper
813,Player_813,SRH,Bowler
814,Player_814,CSK,Bowler
815,Player_815,DC,All-Rounder
816,Player_816,GT,
817,Player_817,PBKS,Wicket-Keeper
818,Player_818,RCB,Bowler
819,Player_819,MI,
820,Player_820,LSG,Wicket-Keeper
821,Player_821,DC,Bowler
822,Player_822,PBKS,
823,Player_823,PBKS,Bowler
824,Player_824,RCB,All-Rounder
825,Player_825,MI,
826,Player_826,KKR,Batsman
827,Player_827,RCB,All-Rounder
828,Player_828,GT,Batsman
829,Player_829,DC,Bowler
830,Player_830,DC,Wicket-Keeper
831,Player_831,DC,All-Rounder
832,Player_832,LSG,Bowler
833,Player_833,DC,
834,Player_834,RR,
835,Player_835,DC,Batsman
836,Player_836,PBKS,Batsman
837,Player_837,SRH,Batsman
838,Player_838,KKR,All-Rounder
839,Player_839,LSG,All-Rounder
840,Player_840,RCB,Wicket-Keeper
841,Player_841,CSK,Bowler
842,Player_842,CSK,Batsman
843,Player_843,RR,Wicket-Keeper
844,Player_844,RR,Wicket-Keeper
845,Player_845,GT,Batsman
846,Player_846,KKR,Batsman
847,Player_847,CSK,Bowler
848,Player_848,DC,
849,Player_849,RCB,Bowler
850,Player_850,SRH,
851,Player_851,DC,
852,Player_852,PBKS,Bowler
853,Player_853,CSK,
854,Player_854,GT,
855,Player_855,RR,Wicket-Keeper
856,Player_856,LSG,Wicket-Keeper
857,Player_857,MI,
858,Player_858,MI,Wicket-Keeper
859,Player_859,DC,All-Rounder
860,Player_860,GT,Batsman
861,Player_861,SRH,Batsman
862,Player_862,SRH,
863,Player_863,KKR,Wicket-Keeper
864,Player_864,SRH,Bowler
865,Player_865,DC,Wicket-Keeper
866,Player_866,GT,Bowler
867,Player_867,MI,
868,Player_868,KKR,Batsman
869,Player_869,KKR,All-Rounder
870,Player_870,PBKS,Wicket-Keeper
871,Player_871,LSG,Batsman
872,Player_872,RR,All-Rounder
873,Player_873,CSK,Batsman
874,Player_874,MI,Bowler
875,Player_875,LSG,
876,Player_876,KKR,Batsman
877,Player_877,KKR,Wicket-Keeper
878,Player_878,LSG,Wicket-Keeper
879,Player_879,CSK,Batsman
880,Player_880,RCB,
881,Player_881,KKR,
882,Player_882,DC,
883,Player_883,PBKS,Batsman
884,Player_884,DC,Wicket-Keeper
885,Player_885,SRH,All-Rounder
886,Player_886,RR,All-Rounder
887,Player_887,CSK,Batsman
888,Player_888,MI,
889,Player_889,LSG,All-Rounder
890,Player_890,PBKS,Wicket-Keeper
891,Player_891,LSG,Batsman
892,Player_892,RCB,Batsman
893,Player_893,DC,Wicket-Keeper
894,Player_894,RR,Wicket-Keeper
895,Player_895,KKR,
896,Player_896,SRH,Wicket-Keeper
897,Player_897,RR,Batsman
898,Player_898,DC,Bowler
899,Player_899,DC,
900,Player_900,PBKS,
901,Player_901,MI,Wicket-Keeper
902,Player_902,CSK,
903,Player_903,SRH,Bowler
904,Player_904,CSK,All-Rounder
905,Player_905,RR,Wicket-Keeper
906,Player_906,MI,Batsman
907,Player_907,CSK,
908,Player_908,KKR,Bowler
909,Player_909,MI,Batsman
910,Player_910,SRH,Wicket-Keeper
911,Player_911,LSG,
912,Player_912,DC,All-Rounder
913,Player_913,SRH,
914,Player_914,LSG,Wicket-Keeper
915,Player_915,MI,
916,Player_916,GT,Batsman
917,Player_917,MI,Bowler
918,Player_918,KKR,
919,Player_919,RCB,All-Rounder
920,Player_920,CSK,All-Rounder
921,Player_921,GT,Batsman
922,Player_922,DC,All-Rounder
923,Player_923,RCB,Wicket-Keeper
924,Player_924,DC,Wicket-Keeper
925,Player_925,MI,Wicket-Keeper
926,Player_926,RR,Bowler
927,Player_927,LSG,Wicket-Keeper
928,Player_928,PBKS,All-Rounder
929,Player_929,CSK,All-Rounder
930,Player_930,MI,Bowler
931,Player_931,MI,
932,Player_932,CSK,Bowler
933,Player_933,KKR,Bowler
934,Player_934,RR,Bowler
935,Player_935,RR,Bowler
936,Player_936,KKR,Batsman
937,Player_937,RR,All-Rounder
938,Player_938,LSG,Batsman
939,Player_939,LSG,Bowler
940,Player_940,KKR,Batsman
941,Player_941,MI,Batsman
942,Player_942,DC,Bowler
943,Player_943,CSK,Wicket-Keeper
944,Player_944,SRH,Bowler
945,Player_945,MI,Batsman
946,Player_946,LSG,All-Rounder
947,Player_947,LSG,
948,Player_948,SRH,All-Rounder
949,Player_949,GT,All-Rounder
950,Player_950,RR,
951,Player_951,MI,Bowler
952,Player_952,SRH,Wicket-Keeper
953,Player_953,PBKS,All-Rounder
954,Player_954,SRH,Wicket-Keeper
955,Player_955,SRH,
956,Player_956,LSG,Bowler
957,Player_957,PBKS,Bowler
958,Player_958,CSK,
959,Player_959,DC,Bowler
960,Player_960,RR,Bowler
961,Player_961,PBKS,All-Rounder
962,Player_962,GT,Wicket-Keeper
963,Player_963,DC,
964,Player_964,SRH,Bowler
965,Player_965,DC,
966,Player_966,GT,
967,Player_967,MI,Wicket-Keeper
968,Player_968,RCB,Wicket-Keeper
969,Player_969,LSG,Bowler
970,Player_970,PBKS,Batsman
971,Player_971,PBKS,
972,Player_972,DC,All-Rounder
973,Player_973,CSK,Bowler
974,Player_974,CSK,
975,Player_975,SRH,Bowler
976,Player_976,GT,Wicket-Keeper
977,Player_977,RR,All-Rounder
978,Player_978,GT,
979,Player_979,RR,All-Rounder
980,Player_980,RCB,All-Rounder
981,Player_981,SRH,Batsman
982,Player_982,KKR,
983,Player_983,PBKS,All-Rounder
984,Player_984,RR,Bowler
985,Player_985,MI,All-Rounder
986,Player_986,DC,Bowler
987,Player_987,RCB,
988,Player_988,RCB,
989,Player_989,LSG,All-Rounder
990,Player_990,PBKS,Bowler
991,Player_991,RCB,Batsman
992,Player_992,PBKS,Bowler
993,Player_993,MI,Wicket-Keeper
994,Player_994,DC,Bowler
995,Player_995,RR,All-Rounder
996,Player_996,CSK,
997,Player_997,DC,
998,Player_998,RR,
999,Player_999,DC,Batsman
1000,Player_1000,PBKS,Wicket-Keeper
1001,Player_1001,LSG,
1002,Player_1002,PBKS,Bowler
1003,Player_1003,LSG,
1004,Player_1004,DC,Bowler
1005,Player_1005,RCB,Bowler
1006,Player_1006,SRH,
1007,Player_1007,GT,Bowler
1008,Player_1008,KKR,All-Rounder
1009,Player_1009,RCB,Batsman
1010,Player_1010,PBKS,Batsman
1011,Player_1011,LSG,
1012,Player_1012,CSK,Wicket-Keeper
1013,Player_1013,SRH,
1014,Player_1014,RCB,All-Rounder
1015,Player_1015,SRH,
1016,Player_1016,RCB,
1017,Player_1017,LSG,
1018,Player_1018,KKR,Bowler
1019,Player_1019,DC,Wicket-Keeper
1020,Player_1020,MI,
1021,Player_1021,CSK,Wicket-Keeper
1022,Player_1022,GT,Wicket-Keeper
1023,Player_1023,RCB,Bowler
1024,Player_1024,LSG,Bowler
1025,Player_1025,RCB,Batsman
1026,Player_1026,LSG,Batsman
1027,Player_1027,RCB,All-Rounder
1028,Player_1028,MI,
1029,Player_1029,LSG,All-Rounder
1030,Player_1030,RCB,Wicket-Keeper
1031,Player_1031,KKR,All-Rounder
1032,Player_1032,CSK,Batsman
1033,Player_1033,DC,
1034,Player_1034,KKR,Wicket-Keeper
1035,Player_1035,PBKS,All-Rounder
1036,Player_1036,SRH,Wicket-Keeper
1037,Player_1037,CSK,Bowler
1038,Player_1038,PBKS,
1039,Player_1039,MI,Batsman
1040,Player_1040,CSK,Bowler
1041,Player_1041,MI,
1042,Player_1042,SRH,
1043,Player_1043,RCB,Wicket-Keeper
1044,Player_1044,DC,Wicket-Keeper
1045,Player_1045,GT,All-Rounder
1046,Player_1046,LSG,Bowler
1047,Player_1047,RR,
1048,Player_1048,LSG,Wicket-Keeper
1049,Player_1049,PBKS,Batsman
1050,Player_1050,LSG,Wicket-Keeper
1051,Player_1051,KKR,Wicket-Keeper
1052,Player_1052,RCB,Wicket-Keeper
1053,Player_1053,RR,All-Rounder
1054,Player_1054,MI,All-Rounder
1055,Player_1055,RR,Batsman
1056,Player_1056,RCB,Wicket-Keeper
1057,Player_1057,GT,
1058,Player_1058,LSG,
1059,Player_1059,GT,Wicket-Keeper
1060,Player_1060,RR,Bowler
1061,Player_1061,KKR,Bowler
1062,Player_1062,RCB,Bowler
1063,Player_1063,RCB,Wicket-Keeper
1064,Player_1064,SRH,Wicket-Keeper
1065,Player_1065,RCB,Bowler
1066,Player_1066,CSK,Batsman
1067,Player_1067,GT,Batsman
1068,Player_1068,RR,Batsman
1069,Player_1069,DC,Batsman
1070,Player_1070,DC,Batsman
1071,Player_1071,MI,All-Rounder
1072,Player_1072,PBKS,
1073,Player_1073,KKR,All-Rounder
1074,Player_1074,PBKS,Bowler
1075,Player_1075,CSK,All-Rounder
1076,Player_1076,MI,Batsman
1077,Player_1077,RR,All-Rounder
1078,Player_1078,PBKS,All-Rounder
1079,Player_1079,DC,Bowler
1080,Player_1080,PBKS,Wicket-Keeper
1081,Player_1081,RR,Wicket-Keeper
1082,Player_1082,KKR,Batsman
1083,Player_1083,RR,Wicket-Keeper
1084,Player_1084,GT,Bowler
1085,Player_1085,KKR,
1086,Player_1086,GT,Wicket-Keeper
1087,Player_1087,MI,Wicket-Keeper
1088,Player_1088,GT,Wicket-Keeper
1089,Player_1089,RR,All-Rounder
1090,Player_1090,PBKS,Batsman
1091,Player_1091,CSK,Batsman
1092,Player_1092,GT,Wicket-Keeper
1093,Player_1093,MI,
1094,Player_1094,GT,Wicket-Keeper
1095,Player_1095,SRH,Wicket-Keeper
1096,Player_1096,CSK,Wicket-Keeper
1097,Player_1097,GT,
1098,Player_1098,RCB,Wicket-Keeper
1099,Player_1099,CSK,Batsman
1100,Player_1100,PBKS,Wicket-Keeper
1101,Player_1101,MI,Batsman
1102,Player_1102,KKR,Batsman
1103,Player_1103,LSG,All-Rounder
1104,Player_1104,DC,Bowler
1105,Player_1105,KKR,Bowler
1106,Player_1106,GT,Wicket-Keeper
1107,Player_1107,PBKS,Bowler
1108,Player_1108,PBKS,All-Rounder
1109,Player_1109,LSG,
1110,Player_1110,DC,Wicket-Keeper
1111,Player_1111,GT,All-Rounder
1112,Player_1112,LSG,Wicket-Keeper
1113,Player_1113,LSG,Wicket-Keeper
1114,Player_1114,LSG,
1115,Player_1115,SRH,All-Rounder
1116,Player_1116,KKR,All-Rounder
1117,Player_1117,MI,Bowler
1118,Player_1118,GT,Batsman
1119,Player_1119,MI,Wicket-Keeper
1120,Player_1120,CSK,
1121,Player_1121,LSG,
1122,Player_1122,KKR,
1123,Player_1123,CSK,Batsman
1124,Player_1124,SRH,All-Rounder
1125,Player_1125,LSG,Wicket-Keeper
1126,Player_1126,LSG,
1127,Player_1127,CSK,
1128,Player_1128,CSK,Batsman
1129,Player_1129,DC,All-Rounder
1130,Player_1130,GT,Bowler
1131,Player_1131,DC,Batsman
1132,Player_1132,SRH,Bowler
1133,Player_1133,RR,Wicket-Keeper
1134,Player_1134,DC,
1135,Player_1135,MI,
1136,Player_1136,DC,
1137,Player_1137,RR,Batsman
1138,Player_1138,CSK,Batsman
1139,Player_1139,SRH,Wicket-Keeper
1140,Player_1140,LSG,Batsman
1141,Player_1141,RR,
1142,Player_1142,PBKS,
1143,Player_1143,PBKS,All-Rounder
1144,Player_1144,LSG,Bowler
1145,Player_1145,GT,All-Rounder
1146,Player_1146,SRH,Bowler
1147,Player_1147,DC,Batsman
1148,Player_1148,LSG,All-Rounder
1149,Player_1149,CSK,Bowler
1150,Player_1150,CSK,Bowler
1151,Player_1151,SRH,
1152,Player_1152,PBKS,All-Rounder
1153,Player_1153,LSG,Wicket-Keeper
1154,Player_1154,DC,
1155,Player_1155,PBKS,Bowler
1156,Player_1156,MI,Wicket-Keeper
1157,Player_1157,LSG,
1158,Player_1158,GT,Bowler
1159,Player_1159,GT,
1160,Player_1160,KKR,Batsman
1161,Player_1161,RCB,Wicket-Keeper
1162,Player_1162,RR,Bowler
1163,Player_1163,GT,All-Rounder
1164,Player_1164,LSG,Batsman
1165,Player_1165,SRH,Wicket-Keeper
1166,Player_1166,KKR,Batsman
1167,Player_1167,SRH,All-Rounder
1168,Player_1168,GT,Bowler
1169,Player_1169,MI,Wicket-Keeper
1170,Player_1170,CSK,Wicket-Keeper
1171,Player_1171,MI,
1172,Player_1172,RR,Batsman
1173,Player_1173,PBKS,Batsman
1174,Player_1174,GT,Bowler
1175,Player_1175,RCB,Wicket-Keeper
1176,Player_1176,MI,Batsman
1177,Player_1177,GT,Wicket-Keeper
1178,Player_1178,CSK,Batsman
1179,Player_1179,DC,Bowler
1180,Player_1180,DC,Wicket-Keeper
1181,Player_1181,DC,Bowler
1182,Player_1182,GT,
1183,Player_1183,DC,
1184,Player_1184,CSK,Wicket-Keeper
1185,Player_1185,PBKS,Wicket-Keeper
1186,Player_1186,PBKS,Wicket-Keeper
1187,Player_1187,PBKS,
1188,Player_1188,KKR,Bowler
1189,Player_1189,MI,Bowler
1190,Player_1190,GT,Bowler
1191,Player_1191,RCB,Bowler
1192,Player_1192,KKR,Bowler
1193,Player_1193,PBKS,Wicket-Keeper
1194,Player_1194,LSG,Bowler
1195,Player_1195,DC,
1196,Player_1196,GT,Wicket-Keeper
1197,Player_1197,RCB,
1198,Player_1198,MI,Batsman
1199,Player_1199,SRH,Bowler
1200,Player_1200,MI,Wicket-Keeper
1201,Player_1201,RR,
1202,Player_1202,MI,Bowler
1203,Player_1203,RR,Bowler
1204,Player_1204,LSG,All-Rounder
1205,Player_1205,MI,Batsman
1206,Player_1206,RR,Wicket-Keeper
1207,Player_1207,MI,All-Rounder
1208,Player_1208,MI,
1209,Player_1209,SRH,All-Rounder
1210,Player_1210,KKR,Wicket-Keeper
1211,Player_1211,DC,Wicket-Keeper
1212,Player_1212,SRH,Batsman
1213,Player_1213,RCB,All-Rounder
1214,Player_1214,DC,Batsman
1215,Player_1215,RCB,Batsman
1216,Player_1216,LSG,
1217,Player_1217,SRH,Wicket-Keeper
1218,Player_1218,CSK,Batsman
1219,Player_1219,PBKS,Batsman
1220,Player_1220,MI,Batsman
1221,Player_1221,RR,
1222,Player_1222,PBKS,Wicket-Keeper
1223,Player_1223,MI,
1224,Player_1224,RCB,Batsman
1225,Player_1225,SRH,Batsman
1226,Player_1226,RCB,Wicket-Keeper
1227,Player_1227,KKR,Batsman
1228,Player_1228,SRH,Wicket-Keeper
1229,Player_1229,CSK,All-Rounder
1230,Player_1230,MI,All-Rounder
1231,Player_1231,PBKS,
1232,Player_1232,RR,Bowler
1233,Player_1233,LSG,All-Rounder
1234,Player_1234,PBKS,Wicket-Keeper
1235,Player_1235,PBKS,Bowler
1236,Player_1236,GT,
1237,Player_1237,DC,Wicket-Keeper
1238,Player_1238,SRH,Batsman
1239,Player_1239,CSK,All-Rounder
1240,Player_1240,MI,
1241,Player_1241,CSK,Bowler
1242,Player_1242,RCB,All-Rounder
1243,Player_1243,RR,Batsman
1244,Player_1244,KKR,
1245,Player_1245,PBKS,
1246,Player_1246,CSK,Wicket-Keeper
1247,Player_1247,CSK,All-Rounder
1248,Player_1248,LSG,All-Rounder
1249,Player_1249,PBKS,
1250,Player_1250,RCB,Wicket-Keeper
1251,Player_1251,RCB,Wicket-Keeper
1252,Player_1252,GT,
1253,Player_1253,KKR,All-Rounder
1254,Player_1254,RR,
1255,Player_1255,KKR,Wicket-Keeper
1256,Player_1256,MI,Bowler
1257,Player_1257,SRH,Bowler
1258,Player_1258,RCB,Batsman
1259,Player_1259,RR,Batsman
1260,Player_1260,MI,Wicket-Keeper
1261,Player_1261,DC,
1262,Player_1262,MI,All-Rounder
1263,Player_1263,SRH,Wicket-Keeper
1264,Player_1264,KKR,Bowler
1265,Player_1265,RCB,All-Rounder
1266,Player_1266,RR,Bowler
1267,Player_1267,SRH,Wicket-Keeper
1268,Player_1268,SRH,All-Rounder
1269,Player_1269,DC,Wicket-Keeper
1270,Player_1270,MI,All-Rounder
1271,Player_1271,DC,All-Rounder
1272,Player_1272,CSK,Bowler
1273,Player_1273,LSG,Batsman
1274,Player_1274,PBKS,Batsman
1275,Player_1275,MI,Wicket-Keeper
1276,Player_1276,RCB,Batsman
1277,Player_1277,PBKS,Wicket-Keeper
1278,Player_1278,GT,All-Rounder
1279,Player_1279,KKR,Batsman
1280,Player_1280,LSG,Batsman
1281,Player_1281,CSK,Batsman
1282,Player_1282,KKR,Batsman
1283,Player_1283,MI,Wicket-Keeper
1284,Player_1284,DC,Bowler
1285,Player_1285,PBKS,
1286,Player_1286,DC,Batsman
1287,Player_1287,SRH,Wicket-Keeper
1288,Player_1288,SRH,Wicket-Keeper
1289,Player_1289,DC,Batsman
1290,Player_1290,RCB,All-Rounder
1291,Player_1291,MI,Batsman
1292,Player_1292,CSK,
1293,Player_1293,RCB,All-Rounder
1294,Player_1294,GT,Bowler
1295,Player_1295,DC,Batsman
1296,Player_1296,MI,All-Rounder
1297,Player_1297,RR,Wicket-Keeper
1298,Player_1298,MI,Batsman
1299,Player_1299,DC,All-Rounder
1300,Player_1300,PBKS,Bowler
1301,Player_1301,PBKS,Batsman
1302,Player_1302,DC,Bowler
1303,Player_1303,PBKS,Batsman
1304,Player_1304,DC,Wicket-Keeper
1305,Player_1305,GT,Wicket-Keeper
1306,Player_1306,KKR,Batsman
1307,Player_1307,PBKS,Wicket-Keeper
1308,Player_1308,PBKS,Bowler
1309,Player_1309,SRH,
1310,Player_1310,KKR,Wicket-Keeper
1311,Player_1311,MI,All-Rounder
1312,Player_1312,PBKS,Batsman
1313,Player_1313,KKR,Wicket-Keeper
1314,Player_1314,RR,Bowler
1315,Player_1315,DC,
1316,Player_1316,SRH,Wicket-Keeper
1317,Player_1317,PBKS,Wicket-Keeper
1318,Player_1318,RR,Wicket-Keeper
1319,Player_1319,SRH,All-Rounder
1320,Player_1320,CSK,Batsman
1321,Player_1321,GT,All-Rounder
1322,Player_1322,KKR,
1323,Player_1323,DC,Bowler
1324,Player_1324,RCB,All-Rounder
1325,Player_1325,PBKS,Batsman
1326,Player_1326,KKR,Batsman
1327,Player_1327,MI,Batsman
1328,Player_1328,MI,All-Rounder
1329,Player_1329,GT,Batsman
1330,Player_1330,SRH,All-Rounder
1331,Player_1331,RR,Bowler
1332,Player_1332,DC,Bowler
1333,Player_1333,PBKS,Bowler
1334,Player_1334,RCB,Bowler
1335,Player_1335,CSK,Wicket-Keeper
1336,Player_1336,RCB,All-Rounder
1337,Player_1337,KKR,Batsman
1338,Player_1338,GT,
1339,Player_1339,MI,
1340,Player_1340,CSK,Wicket-Keeper
1341,Player_1341,MI,Wicket-Keeper
1342,Player_1342,RR,All-Rounder
1343,Player_1343,KKR,
1344,Player_1344,RR,
1345,Player_1345,RCB,All-Rounder
1346,Player_1346,MI,All-Rounder
1347,Player_1347,RCB,Wicket-Keeper
1348,Player_1348,RCB,Bowler
1349,Player_1349,RR,Wicket-Keeper
1350,Player_1350,GT,All-Rounder
1351,Player_1351,DC,
1352,Player_1352,RR,Wicket-Keeper
1353,Player_1353,DC,Batsman
1354,Player_1354,SRH,Bowler
1355,Player_1355,DC,
1356,Player_1356,SRH,
1357,Player_1357,RR,Wicket-Keeper
1358,Player_1358,CSK,
1359,Player_1359,MI,Bowler
1360,Player_1360,RCB,
1361,Player_1361,PBKS,
1362,Player_1362,PBKS,
1363,Player_1363,MI,Batsman
1364,Player_1364,CSK,All-Rounder
1365,Player_1365,MI,
1366,Player_1366,CSK,Wicket-Keeper
1367,Player_1367,KKR,Wicket-Keeper
1368,Player_1368,RR,
1369,Player_1369,PBKS,All-Rounder
1370,Player_1370,RCB,Wicket-Keeper
1371,Player_1371,RCB,
1372,Player_1372,MI,Batsman
1373,Player_1373,GT,All-Rounder
1374,Player_1374,DC,Wicket-Keeper
1375,Player_1375,LSG,
1376,Player_1376,KKR,All-Rounder
1377,Player_1377,SRH,Batsman
1378,Player_1378,GT,Wicket-Keeper
1379,Player_1379,LSG,
1380,Player_1380,GT,Bowler
1381,Player_1381,MI,
1382,Player_1382,CSK,
1383,Player_1383,LSG,Bowler
1384,Player_1384,GT,Bowler
1385,Player_1385,DC,All-Rounder
1386,Player_1386,DC,All-Rounder
1387,Player_1387,CSK,Wicket-Keeper
1388,Player_1388,DC,Batsman
1389,Player_1389,CSK,All-Rounder
1390,Player_1390,SRH,Wicket-Keeper
1391,Player_1391,RCB,Wicket-Keeper
1392,Player_1392,RR,Batsman
1393,Player_1393,LSG,Bowler
1394,Player_1394,LSG,All-Rounder
1395,Player_1395,RR,Bowler
1396,Player_1396,RR,Batsman
1397,Player_1397,LSG,All-Rounder
1398,Player_1398,KKR,Batsman
1399,Player_1399,LSG,
1400,Player_1400,CSK,Wicket-Keeper
1401,Player_1401,LSG,Bowler
1402,Player_1402,DC,Batsman
1403,Player_1403,LSG,Wicket-Keeper
1404,Player_1404,GT,
1405,Player_1405,CSK,Batsman
1406,Player_1406,PBKS,
1407,Player_1407,SRH,Wicket-Keeper
1408,Player_1408,SRH,All-Rounder
1409,Player_1409,SRH,All-Rounder
1410,Player_1410,SRH,Bowler
1411,Player_1411,RR,All-Rounder
1412,Player_1412,DC,Wicket-Keeper
1413,Player_1413,CSK,Wicket-Keeper
1414,Player_1414,SRH,All-Rounder
1415,Player_1415,PBKS,All-Rounder
1416,Player_1416,SRH,Bowler
1417,Player_1417,MI,
1418,Player_1418,GT,Bowler
1419,Player_1419,RCB,Wicket-Keeper
1420,Player_1420,LSG,Wicket-Keeper
1421,Player_1421,MI,Batsman
1422,Player_1422,CSK,
1423,Player_1423,CSK,
1424,Player_1424,PBKS,All-Rounder
1425,Player_1425,PBKS,Bowler
1426,Player_1426,PBKS,Wicket-Keeper
1427,Player_1427,RR,Batsman
1428,Player_1428,DC,
1429,Player_1429,SRH,
1430,Player_1430,CSK,Batsman
1431,Player_1431,SRH,Bowler
1432,Player_1432,DC,Bowler
1433,Player_1433,LSG,Batsman
1434,Player_1434,GT,Wicket-Keeper
1435,Player_1435,RR,Bowler
1436,Player_1436,LSG,
1437,Player_1437,PBKS,Bowler
1438,Player_1438,RCB,Wicket-Keeper
1439,Player_1439,GT,Bowler
1440,Player_1440,SRH,Wicket-Keeper
1441,Player_1441,KKR,Bowler
1442,Player_1442,GT,Batsman
1443,Player_1443,LSG,Wicket-Keeper
1444,Player_1444,CSK,Bowler
1445,Player_1445,PBKS,Bowler
1446,Player_1446,PBKS,Bowler
1447,Player_1447,KKR,Batsman
1448,Player_1448,DC,Wicket-Keeper
1449,Player_1449,PBKS,Batsman
1450,Player_1450,GT,All-Rounder
1451,Player_1451,RR,Bowler
1452,Player_1452,PBKS,Wicket-Keeper
1453,Player_1453,DC,All-Rounder
1454,Player_1454,DC,All-Rounder
1455,Player_1455,PBKS,Batsman
1456,Player_1456,CSK,Bowler
1457,Player_1457,GT,Wicket-Keeper
1458,Player_1458,KKR,Wicket-Keeper
1459,Player_1459,RR,Wicket-Keeper
1460,Player_1460,CSK,Batsman
1461,Player_1461,RCB,All-Rounder
1462,Player_1462,RCB,Bowler
1463,Player_1463,KKR,Bowler
1464,Player_1464,RCB,Wicket-Keeper
1465,Player_1465,MI,Batsman
1466,Player_1466,RCB,Bowler
1467,Player_1467,SRH,Batsman
1468,Player_1468,RR,All-Rounder
1469,Player_1469,RR,
1470,Player_1470,RR,Wicket-Keeper
1471,Player_1471,DC,
1472,Player_1472,DC,Batsman
1473,Player_1473,RR,Bowler
1474,Player_1474,RR,Wicket-Keeper
1475,Player_1475,KKR,Bowler
1476,Player_1476,LSG,All-Rounder
1477,Player_1477,GT,Batsman
1478,Player_1478,PBKS,Batsman
1479,Player_1479,SRH,Wicket-Keeper
1480,Player_1480,GT,All-Rounder
1481,Player_1481,CSK,Bowler
1482,Player_1482,MI,Wicket-Keeper
1483,Player_1483,SRH,All-Rounder
1484,Player_1484,MI,Batsman
1485,Player_1485,DC,Wicket-Keeper
1486,Player_1486,CSK,Wicket-Keeper
1487,Player_1487,KKR,Wicket-Keeper
1488,Player_1488,KKR,
1489,Player_1489,MI,Wicket-Keeper
1490,Player_1490,LSG,Wicket-Keeper
1491,Player_1491,SRH,All-Rounder
1492,Player_1492,DC,All-Rounder
1493,Player_1493,KKR,Bowler
1494,Player_1494,RR,Batsman
1495,Player_1495,SRH,
1496,Player_1496,KKR,All-Rounder
1497,Player_1497,DC,Bowler
1498,Player_1498,KKR,
1499,Player_1499,KKR,Wicket-Keeper
1500,Player_1500,GT,All-Rounder
1501,Player_1501,MI,All-Rounder
1502,Player_1502,DC,Bowler
1503,Player_1503,KKR,
1504,Player_1504,LSG,All-Rounder
1505,Player_1505,SRH,Bowler
1506,Player_1506,PBKS,All-Rounder
1507,Player_1507,DC,All-Rounder
1508,Player_1508,GT,Batsman
1509,Player_1509,GT,Bowler
1510,Player_1510,DC,All-Rounder
1511,Player_1511,DC,Batsman
1512,Player_1512,LSG,Bowler
1513,Player_1513,MI,
1514,Player_1514,SRH,
1515,Player_1515,SRH,Batsman
1516,Player_1516,GT,
1517,Player_1517,RR,
1518,Player_1518,GT,All-Rounder
1519,Player_1519,DC,Batsman
1520,Player_1520,DC,All-Rounder
1521,Player_1521,MI,Bowler
1522,Player_1522,PBKS,Batsman
1523,Player_1523,RCB,All-Rounder
1524,Player_1524,SRH,All-Rounder
1525,Player_1525,LSG,Batsman
1526,Player_1526,SRH,Wicket-Keeper
1527,Player_1527,RCB,All-Rounder
1528,Player_1528,KKR,Batsman
1529,Player_1529,RCB,Batsman
1530,Player_1530,RCB,
1531,Player_1531,DC,All-Rounder
1532,Player_1532,RR,Batsman
1533,Player_1533,PBKS,Bowler
1534,Player_1534,PBKS,Bowler
1535,Player_1535,LSG,
1536,Player_1536,LSG,Bowler
1537,Player_1537,LSG,All-Rounder
1538,Player_1538,KKR,Batsman
1539,Player_1539,KKR,
1540,Player_1540,RCB,All-Rounder
1541,Player_1541,LSG,Bowler
1542,Player_1542,SRH,All-Rounder
1543,Player_1543,CSK,Wicket-Keeper
1544,Player_1544,RCB,Batsman
1545,Player_1545,GT,Wicket-Keeper
1546,Player_1546,GT,
1547,Player_1547,GT,
1548,Player_1548,PBKS,Batsman
1549,Player_1549,LSG,Batsman
1550,Player_1550,GT,Batsman
1551,Player_1551,CSK,
1552,Player_1552,PBKS,Batsman
1553,Player_1553,SRH,Wicket-Keeper
1554,Player_1554,LSG,Wicket-Keeper
1555,Player_1555,PBKS,All-Rounder
1556,Player_1556,SRH,Wicket-Keeper
1557,Player_1557,RR,Bowler
1558,Player_1558,RCB,All-Rounder
1559,Player_1559,RR,
1560,Player_1560,SRH,
1561,Player_1561,SRH,Bowler
1562,Player_1562,KKR,
1563,Player_1563,SRH,Wicket-Keeper
1564,Player_1564,RR,Batsman
1565,Player_1565,GT,All-Rounder
1566,Player_1566,MI,Batsman
1567,Player_1567,DC,
1568,Player_1568,SRH,Wicket-Keeper
1569,Player_1569,KKR,Batsman
1570,Player_1570,KKR,Batsman
1571,Player_1571,CSK,Bowler
1572,Player_1572,RCB,
1573,Player_1573,DC,Batsman
1574,Player_1574,SRH,All-Rounder
1575,Player_1575,DC,Wicket-Keeper
1576,Player_1576,RCB,All-Rounder
1577,Player_1577,DC,Wicket-Keeper
1578,Player_1578,DC,All-Rounder
1579,Player_1579,MI,Batsman
1580,Player_1580,MI,Wicket-Keeper
1581,Player_1581,PBKS,All-Rounder
1582,Player_1582,LSG,
1583,Player_1583,GT,Batsman
1584,Player_1584,KKR,Batsman
1585,Player_1585,SRH,Bowler
1586,Player_1586,LSG,All-Rounder
1587,Player_1587,SRH,Bowler
1588,Player_1588,PBKS,Wicket-Keeper
1589,Player_1589,RR,All-Rounder
1590,Player_1590,PBKS,Wicket-Keeper
1591,Player_1591,SRH,Wicket-Keeper
1592,Player_1592,CSK,Wicket-Keeper
1593,Player_1593,DC,Batsman
1594,Player_1594,MI,Batsman
1595,Player_1595,KKR,
1596,Player_1596,RR,Bowler
1597,Player_1597,CSK,
1598,Player_1598,SRH,All-Rounder
1599,Player_1599,DC,Wicket-Keeper
1600,Player_1600,RCB,
1601,Player_1601,RCB,Bowler
1602,Player_1602,GT,Batsman
1603,Player_1603,SRH,
1604,Player_1604,SRH,Wicket-Keeper
1605,Player_1605,KKR,Wicket-Keeper
1606,Player_1606,MI,Bowler
1607,Player_1607,KKR,
1608,Player_1608,LSG,Bowler
1609,Player_1609,GT,Batsman
1610,Player_1610,MI,Bowler
1611,Player_1611,SRH,
1612,Player_1612,RCB,All-Rounder
1613,Player_1613,GT,
1614,Player_1614,RR,All-Rounder
1615,Player_1615,KKR,Batsman
1616,Player_1616,PBKS,Wicket-Keeper
1617,Player_1617,KKR,Wicket-Keeper
1618,Player_1618,MI,Batsman
1619,Player_1619,RCB,Wicket-Keeper
1620,Player_1620,DC,Bowler
1621,Player_1621,PBKS,Wicket-Keeper
1622,Player_1622,DC,Bowler
1623,Player_1623,CSK,Wicket-Keeper
1624,Player_1624,MI,
1625,Player_1625,RR,Bowler
1626,Player_1626,KKR,Wicket-Keeper
1627,Player_1627,GT,Batsman
1628,Player_1628,SRH,All-Rounder
1629,Player_1629,GT,Wicket-Keeper
1630,Player_1630,CSK,Bowler
1631,Player_1631,CSK,Batsman
1632,Player_1632,LSG,Wicket-Keeper
1633,Player_1633,SRH,Bowler
1634,Player_1634,SRH,Batsman
1635,Player_1635,RCB,Batsman
1636,Player_1636,MI,All-Rounder
1637,Player_1637,RR,All-Rounder
1638,Player_1638,MI,All-Rounder
1639,Player_1639,LSG,Batsman
1640,Player_1640,DC,Wicket-Keeper
1641,Player_1641,RR,Wicket-Keeper
1642,Player_1642,KKR,Bowler
1643,Player_1643,PBKS,Bowler
1644,Player_1644,LSG,Bowler
1645,Player_1645,LSG,Bowler
1646,Player_1646,CSK,
1647,Player_1647,MI,
1648,Player_1648,GT,Bowler
1649,Player_1649,PBKS,Batsman
1650,Player_1650,SRH,Batsman
1651,Player_1651,PBKS,
1652,Player_1652,CSK,Wicket-Keeper
1653,Player_1653,DC,All-Rounder
1654,Player_1654,PBKS,Wicket-Keeper
1655,Player_1655,RCB,Wicket-Keeper
1656,Player_1656,DC,Batsman
1657,Player_1657,GT,All-Rounder
1658,Player_1658,DC,Batsman
1659,Player_1659,CSK,Bowler
1660,Player_1660,PBKS,Batsman
1661,Player_1661,MI,Wicket-Keeper
1662,Player_1662,SRH,Wicket-Keeper
1663,Player_1663,LSG,Bowler
1664,Player_1664,MI,All-Rounder
1665,Player_1665,DC,
1666,Player_1666,RR,Wicket-Keeper
1667,Player_1667,DC,Wicket-Keeper
1668,Player_1668,GT,Wicket-Keeper
1669,Player_1669,LSG,Wicket-Keeper
1670,Player_1670,MI,All-Rounder
1671,Player_1671,CSK,Batsman
1672,Player_1672,DC,
1673,Player_1673,RCB,Bowler
1674,Player_1674,RCB,Batsman
1675,Player_1675,PBKS,Bowler
1676,Player_1676,DC,All-Rounder
1677,Player_1677,GT,Bowler
1678,Player_1678,MI,Batsman
1679,Player_1679,LSG,Batsman
1680,Player_1680,KKR,Wicket-Keeper
1681,Player_1681,MI,Bowler
1682,Player_1682,CSK,Bowler
1683,Player_1683,KKR,Bowler
1684,Player_1684,LSG,All-Rounder
1685,Player_1685,PBKS,Bowler
1686,Player_1686,PBKS,Batsman
1687,Player_1687,CSK,Wicket-Keeper
1688,Player_1688,DC,Batsman
1689,Player_1689,RR,Bowler
1690,Player_1690,DC,All-Rounder
1691,Player_1691,MI,Batsman
1692,Player_1692,GT,All-Rounder
1693,Player_1693,PBKS,All-Rounder
1694,Player_1694,KKR,All-Rounder
1695,Player_1695,CSK,
1696,Player_1696,KKR,Batsman
1697,Player_1697,LSG,
1698,Player_1698,PBKS,All-Rounder
1699,Player_1699,SRH,Wicket-Keeper
1700,Player_1700,DC,Batsman
1701,Player_1701,RR,Batsman
1702,Player_1702,SRH,Bowler
1703,Player_1703,LSG,Bowler
1704,Player_1704,KKR,
1705,Player_1705,CSK,Batsman
1706,Player_1706,LSG,
1707,Player_1707,RCB,
1708,Player_1708,RR,Batsman
1709,Player_1709,PBKS,
1710,Player_1710,RR,Batsman
1711,Player_1711,PBKS,
1712,Player_1712,CSK,All-Rounder
1713,Player_1713,DC,Batsman
1714,Player_1714,CSK,
1715,Player_1715,GT,Bowler
1716,Player_1716,MI,All-Rounder
1717,Player_1717,GT,
1718,Player_1718,RR,Wicket-Keeper
1719,Player_1719,RCB,
1720,Player_1720,KKR,
1721,Player_1721,LSG,Bowler
1722,Player_1722,RCB,Batsman
1723,Player_1723,GT,Bowler
1724,Player_1724,LSG,Batsman
1725,Player_1725,KKR,All-Rounder
1726,Player_1726,RR,Bowler
1727,Player_1727,SRH,
1728,Player_1728,GT,
1729,Player_1729,RR,All-Rounder
1730,Player_1730,CSK,
1731,Player_1731,LSG,Batsman
1732,Player_1732,LSG,Wicket-Keeper
1733,Player_1733,RR,Batsman
1734,Player_1734,SRH,Bowler
1735,Player_1735,RR,All-Rounder
1736,Player_1736,LSG,Bowler
1737,Player_1737,RCB,Wicket-Keeper
1738,Player_1738,SRH,All-Rounder
1739,Player_1739,MI,Wicket-Keeper
1740,Player_1740,RR,All-Rounder
1741,Player_1741,LSG,Batsman
1742,Player_1742,RCB,All-Rounder
1743,Player_1743,SRH,
1744,Player_1744,SRH,All-Rounder
1745,Player_1745,RCB,
1746,Player_1746,RR,Wicket-Keeper
1747,Player_1747,LSG,Bowler
1748,Player_1748,KKR,Bowler
1749,Player_1749,RCB,Wicket-Keeper
1750,Player_1750,KKR,Bowler
1751,Player_1751,GT,Bowler
1752,Player_1752,SRH,Batsman
1753,Player_1753,KKR,Batsman
1754,Player_1754,GT,
1755,Player_1755,RCB,
1756,Player_1756,RCB,
1757,Player_1757,RR,Bowler
1758,Player_1758,GT,
1759,Player_1759,KKR,Bowler
1760,Player_1760,PBKS,Batsman
1761,Player_1761,LSG,Batsman
1762,Player_1762,RCB,
1763,Player_1763,SRH,Wicket-Keeper
1764,Player_1764,DC,Bowler
1765,Player_1765,MI,Bowler
1766,Player_1766,MI,
1767,Player_1767,GT,
1768,Player_1768,PBKS,
1769,Player_1769,RR,Batsman
1770,Player_1770,SRH,Wicket-Keeper
1771,Player_1771,RCB,Bowler
1772,Player_1772,PBKS,Batsman
1773,Player_1773,GT,Batsman
1774,Player_1774,LSG,Wicket-Keeper
1775,Player_1775,GT,Bowler
1776,Player_1776,RCB,Bowler
1777,Player_1777,PBKS,Bowler
1778,Player_1778,LSG,Bowler
1779,Player_1779,CSK,Wicket-Keeper
1780,Player_1780,MI,Bowler
1781,Player_1781,RR,
1782,Player_1782,RCB,All-Rounder
1783,Player_1783,RCB,Wicket-Keeper
1784,Player_1784,RCB,Bowler
1785,Player_1785,RCB,Wicket-Keeper
1786,Player_1786,SRH,Wicket-Keeper
1787,Player_1787,PBKS,All-Rounder
1788,Player_1788,RCB,All-Rounder
1789,Player_1789,PBKS,Wicket-Keeper
1790,Player_1790,CSK,Bowler
1791,Player_1791,LSG,
1792,Player_1792,MI,All-Rounder
1793,Player_1793,SRH,Wicket-Keeper
1794,Player_1794,CSK,Batsman
1795,Player_1795,CSK,Bowler
1796,Player_1796,MI,All-Rounder
1797,Player_1797,DC,Batsman
1798,Player_1798,RCB,Batsman
1799,Player_1799,LSG,Wicket-Keeper
1800,Player_1800,KKR,Wicket-Keeper
1801,Player_1801,SRH,Wicket-Keeper
1802,Player_1802,RR,Batsman
1803,Player_1803,DC,
1804,Player_1804,RR,
1805,Player_1805,DC,All-Rounder
1806,Player_1806,PBKS,Batsman
1807,Player_1807,MI,All-Rounder
1808,Player_1808,MI,Bowler
1809,Player_1809,DC,Wicket-Keeper
1810,Player_1810,MI,Wicket-Keeper
1811,Player_1811,MI,Bowler
1812,Player_1812,KKR,Batsman
1813,Player_1813,MI,All-Rounder
1814,Player_1814,DC,Bowler
1815,Player_1815,CSK,All-Rounder
1816,Player_1816,RCB,Wicket-Keeper
1817,Player_1817,KKR,All-Rounder
1818,Player_1818,PBKS,All-Rounder
1819,Player_1819,DC,Bowler
1820,Player_1820,RR,Wicket-Keeper
1821,Player_1821,LSG,Wicket-Keeper
1822,Player_1822,LSG,
1823,Player_1823,GT,All-Rounder
1824,Player_1824,DC,Bowler
1825,Player_1825,CSK,Bowler
1826,Player_1826,RCB,All-Rounder
1827,Player_1827,MI,All-Rounder
1828,Player_1828,RCB,Bowler
1829,Player_1829,GT,Wicket-Keeper
1830,Player_1830,GT,All-Rounder
1831,Player_1831,RCB,Wicket-Keeper
1832,Player_1832,CSK,All-Rounder
1833,Player_1833,RR,Bowler
1834,Player_1834,LSG,Bowler
1835,Player_1835,KKR,Bowler
1836,Player_1836,MI,
1837,Player_1837,RCB,
1838,Player_1838,KKR,Bowler
1839,Player_1839,LSG,Bowler
1840,Player_1840,SRH,Wicket-Keeper
1841,Player_1841,LSG,Batsman
1842,Player_1842,SRH,All-Rounder
1843,Player_1843,RCB,Batsman
1844,Player_1844,PBKS,Wicket-Keeper
1845,Player_1845,LSG,Bowler
1846,Player_1846,KKR,Wicket-Keeper
1847,Player_1847,LSG,Wicket-Keeper
1848,Player_1848,SRH,Batsman
1849,Player_1849,RR,Wicket-Keeper
1850,Player_1850,LSG,Wicket-Keeper
1851,Player_1851,LSG,Batsman
1852,Player_1852,GT,
1853,Player_1853,SRH,
1854,Player_1854,RCB,All-Rounder
1855,Player_1855,PBKS,Batsman
1856,Player_1856,KKR,Batsman
1857,Player_1857,GT,All-Rounder
1858,Player_1858,RR,All-Rounder
1859,Player_1859,DC,All-Rounder
1860,Player_1860,RCB,Batsman
1861,Player_1861,CSK,Bowler
1862,Player_1862,RCB,All-Rounder
1863,Player_1863,LSG,All-Rounder
1864,Player_1864,DC,All-Rounder
1865,Player_1865,RCB,Bowler
1866,Player_1866,GT,All-Rounder
1867,Player_1867,KKR,Bowler
1868,Player_1868,SRH,Bowler
1869,Player_1869,GT,Bowler
1870,Player_1870,RR,Wicket-Keeper
1871,Player_1871,LSG,
1872,Player_1872,DC,Bowler
1873,Player_1873,DC,Wicket-Keeper
1874,Player_1874,KKR,Batsman
1875,Player_1875,RCB,
1876,Player_1876,RR,Bowler
1877,Player_1877,KKR,Batsman
1878,Player_1878,GT,Batsman
1879,Player_1879,SRH,All-Rounder
1880,Player_1880,CSK,All-Rounder
1881,Player_1881,LSG,Wicket-Keeper
1882,Player_1882,SRH,
1883,Player_1883,SRH,Wicket-Keeper
1884,Player_1884,KKR,Wicket-Keeper
1885,Player_1885,SRH,All-Rounder
1886,Player_1886,LSG,Wicket-Keeper
1887,Player_1887,PBKS,Batsman
1888,Player_1888,MI,Batsman
1889,Player_1889,GT,Wicket-Keeper
1890,Player_1890,RR,Batsman
1891,Player_1891,SRH,Batsman
1892,Player_1892,MI,
1893,Player_1893,CSK,
1894,Player_1894,MI,Bowler
1895,Player_1895,LSG,Wicket-Keeper
1896,Player_1896,CSK,
1897,Player_1897,MI,Batsman
1898,Player_1898,DC,Batsman
1899,Player_1899,SRH,
1900,Player_1900,SRH,
1901,Player_1901,MI,Bowler
1902,Player_1902,GT,
1903,Player_1903,RR,Bowler
1904,Player_1904,CSK,
1905,Player_1905,KKR,Wicket-Keeper
1906,Player_1906,RCB,Bowler
1907,Player_1907,LSG,Bowler
1908,Player_1908,KKR,Bowler
1909,Player_1909,KKR,All-Rounder
1910,Player_1910,GT,
1911,Player_1911,RCB,
1912,Player_1912,PBKS,Batsman
1913,Player_1913,DC,Wicket-Keeper
1914,Player_1914,RR,All-Rounder
1915,Player_1915,MI,All-Rounder
1916,Player_1916,DC,Batsman
1917,Player_1917,DC,Batsman
1918,Player_1918,RCB,All-Rounder
1919,Player_1919,PBKS,Wicket-Keeper
1920,Player_1920,PBKS,
1921,Player_1921,RCB,Wicket-Keeper
1922,Player_1922,KKR,Batsman
1923,Player_1923,SRH,All-Rounder
1924,Player_1924,RCB,All-Rounder
1925,Player_1925,RCB,Wicket-Keeper
1926,Player_1926,LSG,Bowler
1927,Player_1927,CSK,All-Rounder
1928,Player_1928,LSG,Batsman
1929,Player_1929,KKR,All-Rounder
1930,Player_1930,RR,Wicket-Keeper
1931,Player_1931,GT,Wicket-Keeper
1932,Player_1932,PBKS,Wicket-Keeper
1933,Player_1933,GT,
1934,Player_1934,RR,Wicket-Keeper
1935,Player_1935,RR,Wicket-Keeper
1936,Player_1936,RCB,
1937,Player_1937,RCB,
1938,Player_1938,RR,Batsman
1939,Player_1939,CSK,Wicket-Keeper
1940,Player_1940,LSG,Batsman
1941,Player_1941,SRH,Bowler
1942,Player_1942,PBKS,All-Rounder
1943,Player_1943,RCB,Bowler
1944,Player_1944,SRH,Wicket-Keeper
1945,Player_1945,RR,Bowler
1946,Player_1946,LSG,Bowler
1947,Player_1947,PBKS,Bowler
1948,Player_1948,DC,Bowler
1949,Player_1949,SRH,Wicket-Keeper
1950,Player_1950,CSK,
1951,Player_1951,DC,Batsman
1952,Player_1952,MI,Batsman
1953,Player_1953,RCB,Batsman
1954,Player_1954,RR,Wicket-Keeper
1955,Player_1955,MI,All-Rounder
1956,Player_1956,RR,All-Rounder
1957,Player_1957,MI,
1958,Player_1958,KKR,Batsman
1959,Player_1959,KKR,Wicket-Keeper
1960,Player_1960,RCB,Bowler
1961,Player_1961,PBKS,Batsman
1962,Player_1962,RR,All-Rounder
1963,Player_1963,LSG,Batsman
1964,Player_1964,PBKS,Wicket-Keeper
1965,Player_1965,LSG,Bowler
1966,Player_1966,LSG,Wicket-Keeper
1967,Player_1967,SRH,
1968,Player_1968,GT,All-Rounder
1969,Player_1969,GT,Wicket-Keeper
1970,Player_1970,RR,Bowler
1971,Player_1971,PBKS,All-Rounder
1972,Player_1972,LSG,Batsman
1973,Player_1973,LSG,Bowler
1974,Player_1974,KKR,
1975,Player_1975,PBKS,Batsman
1976,Player_1976,SRH,Wicket-Keeper
1977,Player_1977,RR,All-Rounder
1978,Player_1978,RR,Bowler
1979,Player_1979,PBKS,Bowler
1980,Player_1980,KKR,Wicket-Keeper
1981,Player_1981,RR,Batsman
1982,Player_1982,SRH,Bowler
1983,Player_1983,RR,All-Rounder
1984,Player_1984,PBKS,Batsman
1985,Player_1985,SRH,
1986,Player_1986,KKR,Bowler
1987,Player_1987,MI,
1988,Player_1988,DC,
1989,Player_1989,CSK,Batsman
1990,Player_1990,RR,Bowler
1991,Player_1991,PBKS,All-Rounder
1992,Player_1992,CSK,
1993,Player_1993,MI,Bowler
1994,Player_1994,LSG,Wicket-Keeper
1995,Player_1995,PBKS,Bowler
1996,Player_1996,PBKS,All-Rounder
1997,Player_1997,SRH,
1998,Player_1998,DC,Bowler
1999,Player_1999,CSK,Batsman
2000,Player_2000,DC,
749,Player_749,PBKS,Wicket-Keeper
503,Player_503,LSG,
1526,Player_1526,SRH,Wicket-Keeper
1095,Player_1095,SRH,Wicket-Keeper
660,Player_660,DC,Bowler
64,Player_64,LSG,Bowler
670,Player_670,LSG,Wicket-Keeper
1007,Player_1007,GT,Bowler
1785,Player_1785,RCB,Wicket-Keeper
403,Player_403,DC,Wicket-Keeper
1343,Player_1343,KKR,
404,Player_404,CSK,Bowler
1570,Player_1570,KKR,Batsman
1528,Player_1528,KKR,Batsman
1378,Player_1378,GT,Wicket-Keeper
1278,Player_1278,GT,All-Rounder
764,Player_764,PBKS,Batsman
1992,Player_1992,CSK,
235,Player_235,DC,Wicket-Keeper
174,Player_174,RCB,Bowler
102,Player_102,PBKS,All-Rounder
1369,Player_1369,PBKS,All-Rounder
602,Player_602,RCB,Bowler
1005,Player_1005,RCB,Bowler
913,Player_913,SRH,
413,Player_413,DC,Wicket-Keeper
461,Player_461,SRH,Wicket-Keeper
1142,Player_1142,PBKS,
1766,Player_1766,MI,
1475,Player_1475,KKR,Bowler
1034,Player_1034,KKR,Wicket-Keeper
634,Player_634,GT,Bowler
1752,Player_1752,SRH,Batsman
1397,Player_1397,LSG,All-Rounder
860,Player_860,GT,Batsman
888,Player_888,MI,
323,Player_323,RR,Batsman
1004,Player_1004,DC,Bowler
157,Player_157,DC,All-Rounder
44,Player_44,RR,Bowler
972,Player_972,DC,All-Rounder
937,Player_937,RR,All-Rounder
176,Player_176,LSG,Bowler
682,Player_682,PBKS,Batsman
1079,Player_1079,DC,Bowler
658,Player_658,CSK,
1316,Player_1316,SRH,Wicket-Keeper
1852,Player_1852,GT,
864,Player_864,SRH,Bowler
1971,Player_1971,PBKS,All-Rounder
1381,Player_1381,MI,
141,Player_141,PBKS,
43,Player_43,MI,Bowler
1982,Player_1982,SRH,Bowler
1012,Player_1012,CSK,Wicket-Keeper
1055,Player_1055,RR,Batsman
966,Player_966,GT,
286,Player_286,CSK,Batsman
485,Player_485,KKR,
1086,Player_1086,GT,Wicket-Keeper
140,Player_140,PBKS,Batsman
773,Player_773,RR,Batsman
1669,Player_1669,LSG,Wicket-Keeper
89,Player_89,RCB,All-Rounder
417,Player_417,SRH,Batsman
1279,Player_1279,KKR,Batsman
1748,Player_1748,KKR,Bowler
1772,Player_1772,PBKS,Batsman
98,Player_98,SRH,Batsman
1719,Player_1719,RCB,
1654,Player_1654,PBKS,Wicket-Keeper
1491,Player_1491,SRH,All-Rounder
300,Player_300,RCB,Wicket-Keeper
1367,Player_1367,KKR,Wicket-Keeper
1032,Player_1032,CSK,Batsman
945,Player_945,MI,Batsman
1184,Player_1184,CSK,Wicket-Keeper
832,Player_832,LSG,Bowler
472,Player_472,CSK,Bowler
230,Player_230,RR,Bowler
8,Player_8,RR,Batsman
734,Player_734,RCB,All-Rounder
1174,Player_1174,GT,Bowler
477,Player_477,RCB,Wicket-Keeper
1839,Player_1839,LSG,Bowler
101,Player_101,CSK,
487,Player_487,DC,
681,Player_681,RR,All-Rounder
817,Player_817,PBKS,Wicket-Keeper
1842,Player_1842,SRH,All-Rounder
1123,Player_1123,CSK,Batsman
1775,Player_1775,GT,Bowler
967,Player_967,MI,Wicket-Keeper
787,Player_787,PBKS,
201,Player_201,SRH,All-Rounder
3,Player_3,SRH,Batsman
467,Player_467,RR,
1421,Player_1421,MI,Batsman
289,Player_289,SRH,
769,Player_769,KKR,Wicket-Keeper
1325,Player_1325,PBKS,Batsman
1330,Player_1330,SRH,All-Rounder
1878,Player_1878,GT,Batsman
1027,Player_1027,RCB,All-Rounder
814,Player_814,CSK,Bowler
297,Player_297,GT,
514,Player_514,RCB,
659,Player_659,GT,
11,Player_11,KKR,Wicket-Keeper
1163,Player_1163,GT,All-Rounder
54,Player_54,KKR,Batsman
1986,Player_1986,KKR,Bowler
1340,Player_1340,CSK,Wicket-Keeper
137,Player_137,KKR,Wicket-Keeper
685,Player_685,DC,Batsman
1371,Player_1371,RCB,
1703,Player_1703,LSG,Bowler
1722,Player_1722,RCB,Batsman
60,Player_60,SRH,
436,Player_436,PBKS,Wicket-Keeper
1633,Player_1633,SRH,Bowler
1606,Player_1606,MI,Bowler
737,Player_737,LSG,All-Rounder
287,Player_287,GT,All-Rounder
1649,Player_1649,PBKS,Batsman
729,Player_729,RCB,
648,Player_648,MI,
1555,Player_1555,PBKS,All-Rounder
1414,Player_1414,SRH,All-Rounder
1458,Player_1458,KKR,Wicket-Keeper
1431,Player_1431,SRH,Bowler
1445,Player_1445,PBKS,Bowler
6,Player_6,CSK,All-Rounder
1966,Player_1966,LSG,Wicket-Keeper
124,Player_124,DC,Batsman
1727,Player_1727,SRH,
818,Player_818,RCB,Bowler
755,Player_755,RCB,Bowler
104,Player_104,RCB,Batsman
1040,Player_1040,CSK,Bowler
1607,Player_1607,KKR,
422,Player_422,MI,Wicket-Keeper
281,Player_281,PBKS,Batsman
1023,Player_1023,RCB,Bowler
700,Player_700,PBKS,Wicket-Keeper
791,Player_791,SRH,Bowler
838,Player_838,KKR,All-Rounder
282,Player_282,PBKS,
551,Player_551,KKR,
1871,Player_1871,LSG,
572,Player_572,DC,Batsman
505,Player_505,DC,Batsman
969,Player_969,LSG,Bowler
502,Player_502,GT,
1510,Player_1510,DC,All-Rounder
689,Player_689,KKR,
889,Player_889,LSG,All-Rounder
1866,Player_1866,GT,All-Rounder
1750,Player_1750,KKR,Bowler
1821,Player_1821,LSG,Wicket-Keeper
498,Player_498,GT,Bowler
1552,Player_1552,PBKS,Batsman
1680,Player_1680,KKR,Wicket-Keeper
524,Player_524,PBKS,Wicket-Keeper
1336,Player_1336,RCB,All-Rounder
1298,Player_1298,MI,Batsman
1081,Player_1081,RR,Wicket-Keeper
728,Player_728,SRH,All-Rounder
1700,Player_1700,DC,Batsman
170,Player_170,GT,
256,Player_256,GT,Bowler
1582,Player_1582,LSG,
166,Player_166,LSG,All-Rounder
313,Player_313,RR,All-Rounder
535,Player_535,PBKS,Wicket-Keeper
271,Player_271,KKR,
993,Player_993,MI,Wicket-Keeper
314,Player_314,PBKS,Wicket-Keeper
1116,Player_1116,KKR,All-Rounder
857,Player_857,MI,
1892,Player_1892,MI,
142,Player_142,PBKS,All-Rounder
53,Player_53,DC,Batsman
1795,Player_1795,CSK,Bowler
1918,Player_1918,RCB,All-Rounder
1509,Player_1509,GT,Bowler
1467,Player_1467,SRH,Batsman
833,Player_833,DC,
251,Player_251,PBKS,Wicket-Keeper
1448,Player_1448,DC,Wicket-Keeper
1320,Player_1320,CSK,Batsman
900,Player_900,PBKS,
696,Player_696,LSG,Batsman
968,Player_968,RCB,Wicket-Keeper
1052,Player_1052,RCB,Wicket-Keeper
237,Player_237,CSK,Wicket-Keeper
488,Player_488,PBKS,Bowler
1485,Player_1485,DC,Wicket-Keeper
613,Player_613,GT,
1196,Player_1196,GT,Wicket-Keeper
451,Player_451,RCB,Wicket-Keeper
1925,Player_1925,RCB,Wicket-Keeper
1711,Player_1711,PBKS,
1824,Player_1824,DC,Bowler
841,Player_841,CSK,Bowler
80,Player_80,CSK,Batsman
1725,Player_1725,KKR,All-Rounder
695,Player_695,RCB,
1519,Player_1519,DC,Batsman
853,Player_853,CSK,
291,Player_291,CSK,
1628,Player_1628,SRH,All-Rounder
1229,Player_1229,CSK,All-Rounder
1051,Player_1051,KKR,Wicket-Keeper
1576,Player_1576,RCB,All-Rounder
1790,Player_1790,CSK,Bowler
1534,Player_1534,PBKS,Bowler
1746,Player_1746,RR,Wicket-Keeper
132,Player_132,RCB,
1733,Player_1733,RR,Batsman
1383,Player_1383,LSG,Bowler
1812,Player_1812,KKR,Batsman
523,Player_523,GT,Wicket-Keeper
1159,Player_1159,GT,
651,Player_651,GT,Wicket-Keeper
935,Player_935,RR,Bowler
433,Player_433,CSK,Wicket-Keeper
153,Player_153,PBKS,Batsman
1019,Player_1019,DC,Wicket-Keeper
1801,Player_1801,SRH,Wicket-Keeper
76,Player_76,LSG,Bowler
1969,Player_1969,GT,Wicket-Keeper
531,Player_531,DC,Wicket-Keeper
442,Player_442,RCB,Bowler
1232,Player_1232,RR,Bowler
1188,Player_1188,KKR,Bowler
26,Player_26,GT,Bowler
359,Player_359,RCB,Wicket-Keeper
1200,Player_1200,MI,Wicket-Keeper
1332,Player_1332,DC,Bowler
163,Player_163,KKR,Wicket-Keeper
1370,Player_1370,RCB,Wicket-Keeper
822,Player_822,PBKS,
583,Player_583,MI,
686,Player_686,LSG,Wicket-Keeper
965,Player_965,DC,
1784,Player_1784,RCB,Bowler
409,Player_409,LSG,Batsman
532,Player_532,GT,Bowler
653,Player_653,DC,Wicket-Keeper
1108,Player_1108,PBKS,All-Rounder
840,Player_840,RCB,Wicket-Keeper
62,Player_62,GT,
1720,Player_1720,KKR,
1348,Player_1348,RCB,Bowler
740,Player_740,LSG,All-Rounder
1536,Player_1536,LSG,Bowler
1847,Player_1847,LSG,Wicket-Keeper
577,Player_577,KKR,Wicket-Keeper
1424,Player_1424,PBKS,All-Rounder
306,Player_306,DC,
929,Player_929,CSK,All-Rounder
310,Player_310,KKR,
20,Player_20,DC,Batsman
1457,Player_1457,GT,Wicket-Keeper
826,Player_826,KKR,Batsman
1945,Player_1945,RR,Bowler
1143,Player_1143,PBKS,All-Rounder
723,Player_723,RCB,Wicket-Keeper
1020,Player_1020,MI,
1515,Player_1515,SRH,Batsman
1358,Player_1358,CSK,
995,Player_995,RR,All-Rounder
1303,Player_1303,PBKS,Batsman
1870,Player_1870,RR,Wicket-Keeper
1214,Player_1214,DC,Batsman
1405,Player_1405,CSK,Batsman
1189,Player_1189,MI,Bowler
550,Player_550,SRH,Bowler
1147,Player_1147,DC,Batsman
1093,Player_1093,MI,
266,Player_266,SRH,All-Rounder
1964,Player_1964,PBKS,Wicket-Keeper
1919,Player_1919,PBKS,Wicket-Keeper
706,Player_706,GT,Batsman
1677,Player_1677,GT,Bowler
88,Player_88,PBKS,Batsman
280,Player_280,KKR,Wicket-Keeper
267,Player_267,RR,
1571,Player_1571,CSK,Bowler
1887,Player_1887,PBKS,Batsman
608,Player_608,GT,Bowler
1895,Player_1895,LSG,Wicket-Keeper
1234,Player_1234,PBKS,Wicket-Keeper
1500,Player_1500,GT,All-Rounder
1613,Player_1613,GT,
1749,Player_1749,RCB,Wicket-Keeper
452,Player_452,SRH,Batsman
1520,Player_1520,DC,All-Rounder
886,Player_886,RR,All-Rounder
